{
    "header": [
        " *   ",
        " *   如非需要调试，本文件可删除",
        " *   非专业人员可将本文件删除",
        " *   详细介绍请参考: https://bazhan.me/faq#INFO-JSON",
        " *   "
    ],
    "resources": [
        {
            "url": "https://file.yjiek.com/2247/zly",
            "path": "index.html",
            "saved": true,
            "size": 3042,
            "children": [
                {
                    "url": "https://file.yjiek.com/static/css/bootstrap-4.1.3/js/bootstrap.min.js",
                    "path": "js/bootstrap.min.js",
                    "saved": true,
                    "size": 51039,
                    "children": []
                },
                {
                    "url": "https://file.yjiek.com/static/css/bootstrap-4.1.3/css/bootstrap.min.css",
                    "path": "css/bootstrap.min.css",
                    "saved": true,
                    "size": 140936,
                    "children": []
                }
            ]
        }
    ],
    "alias": "file-yjiek-com-sxjhddn",
    "info": {
        "request": {
            "headers": {
                "accept": "text/html,*/*",
                "accept-language": "zh-CN,zh;q=0.9",
                "accept-encoding": "gzip",
                "cache-control": "no-cache",
                "cookie": "",
                "referer": "https://file.yjiek.com/2247/zly",
                "user-agent": "Mozilla/5.0 (Windows NT 10.0; Win64; x64) AppleWebKit/537.36 (KHTML, like Gecko) Chrome/78.0.3904.108 Safari/537.36",
                "x-scraper-website": "https://bazhan.me/"
            }
        },
        "response": {
            "redirects": [],
            "responseUrl": "https://file.yjiek.com/2247/zly",
            "statusCode": 200,
            "headers": {
                "server": "nginx",
                "dahan.me                                                                                                                                                                                                                                                                                                                                                                                                                                                                                                                                                                                                                            